{"cameraMode":{"drawMode":0,"name":"Shaded","section":"Shading Mode"},"sceneLighting":false,"audioPlay":false,"sceneViewState":{"showFog":true,"showMaterialUpdate":false,"showSkybox":false,"showFlares":true,"showImageEffects":true,"showParticleSystems":true},"in2DMode":false,"pivot":{"x":0.0,"y":0.39898574352264407,"z":-3.5199999809265138},"rotation":{"x":-0.0204349085688591,"y":0.9795035123825073,"z":-0.1360362023115158,"w":-0.14713792502880097},"size":2.9721992015838625,"orthographic":false}